Feature_No,Feature,LIME_Score,SHAP_Score,Final_Score
1,EmploymentYears,-0.2723151702466503,-0.25,0.11886351783548577
4,C_mean,0.1892237581132394,0.06,0.07122298254068044
2,SideEffectsAffectView,-0.1628223741479219,-0.14,0.07012276688811316
3,Age,-0.1071459013491983,-0.09,0.04593180667525953
8,A_mean,0.0761034653519861,0.01,0.027231880401441904
5,Education,-0.0329604777553306,-0.03,0.0143610504653538
7,E_mean,0.0380593457300226,-0.01,0.014118564321999386
6,D_mean,0.0097396917581755,0.02,0.005357145803620117
